id|longitude|latitude|tipogeo|uf|muncipio|cod_ibge|nome|end_orig|bairro_orig|num_orig|cep_orig|compl_orig|tipo_logradouro|nome_logradouro|km|num_logradouro|complemento|bairro|cep|esfera_adm|tipo_esfera|ddd|telefone1|telefone2|email|site
1|-47.942117|-15.847582|2|DF|Brasília|5300108|Fundação Jardim Zoológico de Brasília|Avenida das Nações|Asa Sul| |70610-100|Via L-4 Sul|AV|DAS NACOES| | |VIA L-4 SUL|ASA SUL|70610-100| | |61|3345-2937|3345-3093|presi@zoo.df.gov.br|www.zoo.df.gov.br
2|-47.853899|-15.896622|2|DF|Brasília|5300108|Jardim Botânico de Brasília|SMDB Conjunto 12|Lago Sul| |71680-120| | |SMDB CONJUNTO 12| | | |LAGO SUL|71680-120| | |61|3366-2141|3366-3831|faleconosco@jardimbotanico.df.gov.br|www.jardimbotanico.df.gov.br
3|-49.235338|-16.674751|1|GO|Goiânia|5208707|Museu Antropológico|Av. Universitária|Setor Universitário|1.166|74605-010|Universidade Federal de Goiás|AV|UNIVERSITARIA| |1166|UNIVERSIDADE FEDERAL DE GOIAS|SETOR UNIVERSITARIO|74605-010| | |62|3209-6010|3209-6371| |www.museu.ufg.br
4|-49.252103|-16.671|1|GO|Goiânia|5208707|Planetário da Universidade Federal de Goiás|Av. Contorno|Setor Central|s/n|74055-140|Parque Mutirama|AV|CONTORNO| |S/N|PARQUE MUTIRAMA|SETOR CENTRAL|74055-140| | |62|3225-8085|3225-8028| |www.planetario.ufg.br
5|-55.341082|-21.991442|2|MS|Dourados|5003702|Observatório Solar Indígena|Rodovia Dourados Itahum|Cidade Universitária| |79804-970|Km 12|ROD|DOURADOS ITAHUM|KM 12| | |CIDADE UNIVERSITARIA|79804-970| | |67|3902-2360|3902-2364|psilva@uems.br|www.uems.br
6|-35.731072|-9.661278|2|AL|Maceió|2704302|Museu de História Natural|Rua Aristeu de Andrade|Farol|452|57021-090| |R|ARISTEU DE ANDRADE| |452| |FAROL|57021-090| | |82|3221-2724|3221-4172| | 
7|-35.730332|-9.660514|2|AL|Maceió|2704302|Usina Ciência|Rua Aristeu de Andrade|Farol|452|57021-090| |R|ARISTEU DE ANDRADE| |452| |FAROL|57021-090| | |82|3221-2724|3221-4172|usina.ciencia@fapeal.br|www.usinaciencia.ufal.br
8|-38.430017|-12.929447|2|BA|Salvador|2927408|Jardim Botânico de Salvador|Av. São Marcos|São Marcos|s/n|41253-190| |AV|SAO MARCOS| |S/N| |SAO MARCOS|41253-190| | |71|3393-1266| |jardimbotanico@salvador.ba.gov.br|www.jb.salvador.ba.gov.br/index.asp?pg=jb
9|-38.978852|-12.240015|2|BA|Feira de Santana|2910800|Museu Antares de Ciência e Tecnologia|Rua da Barra|Jardim Cruzeiro|925|44015-430| |R|DA BARRA| |925| |JARDIM CRUZEIRO|44015-430| | |75|3624-1921| |museuantares@uefs.br|www.uefs.br/antares
10|-38.510216|-12.973111|2|BA|Salvador|2927408|Museu de Arqueologia e Etnologia|Terreiro de Jesus|Pelourinho|s/n|40025-010|Prédio da Faculdade de Medicina| |TERREIRO DE JESUS| |S/N|PREDIO DA FACULDADE DE MEDICINA|PELOURINHO|40025-010| | |71|3283-5530|3283-5533|mae@ufba.br|www.ufba.br/instituicoes/ufba/mae
11|-38.431083|-12.969138|2|BA|Salvador|2927408|Museu de Ciência & Tecnologia da Bahia|Av. Jorge Amado|Imbuí|s/n|41710-050| |AV|JORGE AMADO| |S/N| |IMBUI|41710-050| | |71|3231-9368| |mc&t@listas.uneb.br|www.museu.uneb.br
12|-38.522183|-12.987883|1|BA|Salvador|2927408|Museu Geológico da Bahia|Av. Sete de Setembro|Corredor da Vitória|2.195|40080-002| |AV|SETE DE SETEMBRO| |2195| |CORREDOR DA VITORIA|40080-002| | |71|3336-3498|3336-6922|atendimento@mgb.ba.gov.br|www.oaf.org.br
13|-38.49795|-12.956178|1|BA|Salvador|2927408|Universidade da Criança e do Adolescente|Rua do Queimado|Liberdade|17|40325-260| |R|DO QUEIMADO| |17| |LIBERDADE|40325-260| | |71|3319-9730| |unica@oaf.org.br| 
14|-38.511035|-13.008237|2|BA|Salvador|2927408|Zoológico de Salvador|Rua Alto de Ondina|Ondina|s/n|40170-110| |R|ALTO DE ONDINA| |S/N| |ONDINA|40170-110| | |71|3116-7954| | |www.zoo.ba.gov.br
15|-40.355104|-3.689241|2|CE|Sobral|2312908|Museu do Eclipse|Praça Oswaldo Rangel|Praça do Patrocínio|s/n|62010-810| |PCA|OSWALDO RANGEL| |S/N| |PRACA DO PATROCINIO|62010-810| | |88|3695-5205| | | 
16|-38.648112|-3.710439|2|CE|Caucaia|2303709|Parque Botânico do Ceará|Rodovia CE 090| | |60120-001|Km 3|ROD|CE-090|KM 3| | | |60120-001| | |85|3342-3060|3421-5916|parquebotanico@uol.com.br|www.sfiec.org.br/meioambiente/parque_botanico.asp
17|-38.51985|-3.721678|1|CE|Fortaleza|2304400|Planetário Rubens de Azevedo|Rua Dragão do Mar|Praia de Iracema|81|60060-390| |R|DRAGAO DO MAR| |81| |PRAIA DE IRACEMA|60060-390| | |85|3488-8639|3488-8599|planeta@dragaodomar.org.br|www.dragaodomar.org.br/planetario
18|-38.537559|-3.744393|1|CE|Fortaleza|2304400|Seara da Ciência|Rua Paulino Nogueira|Benfica|315|60020-270|bl. 1, térreo|R|PAULINO NOGUEIRA| |315|BL. 1, TERREO|BENFICA|60020-270| | |85|3366-7375|3366-7376|seara@seara.ufc.br|www.seara.ufc.br
19|-44.315117|-2.560764|2|MA|São Luís|2111300|Laboratório de Divulgação Científica – Ilha da Ciência|Av. dos Portugueses|Campus Universitário do Bacanga|s/n|75080-580|Centro de Ciências Exatas e Tecnologia Depto. de Física, s. 101, bl. 3|AV|DOS PORTUGUESES| |S/N|CENTRO DE CIENCIAS EXATAS E TECNOLOGIA DEPTO. DE FISICA, SALA 101 BLOCO 3|CAMPUS UNIVERSITARIO DO BACANGA|75080-580| | |98|2109-8290|2109-8222|oliva@ufma.br|www.abcmc.org.br/ilhadaciencia
20|-34.866105|-7.130098|2|PB|João Pessoa|2507507|Jardim Botânico de João Pesoa Benjamim Maranhão|Av. Pedro II|Mata do Buraquinho|s/n|58040-440|Torre|AV|PEDRO II| |S/N|TORRE|MATA DO BURAQUINHO|58040-440| | |83|3218-7880|3218-7883|maquino_jb@yahoo.com.br|www.sudema.pb.gov.br
21|-34.843194|-7.121616|1|PB|João Pessoa|2507507|Planetário da Fundação Espaço Cultural da Paraíba|Av. Abdias Gomes de Almeida|Tambauzinho|800|58042-100| |AV|ABDIAS GOMES DE ALMEIDA| |800| |TAMBAUZINHO|58042-100| | |83|3211-6263|3211-6209|planetariopb2@ig.com.br|www.paraiba.pb.gov.br
22|-38.227576|-6.767542|2|PB|Sousa|2516201|Vale dos Dinosauros|Alto Sertão Paraibano| |s/n| |BR 230| |ALTO SERTAO PARAIBANO| |S/N|BR 230| | | | |83|3522-3055|3522-1724| |www.valedosdinossauros.com.br
23|-34.868297|-8.034146|2|PE|Olinda|2609600|Espaço Ciência – Museu Interativo de Ciência|Complexo de Salgadinho| | |53111-970| | |COMPLEXO DE SALGADINHO| | | | |53111-970| | |81|3301-6140|3301-6141|comunicacaoec@gmail.com|www.espacociencia.pe.gov.br
24|-34.955305|-8.071576|2|PE|Recife|2611606|Jardim Botânico do Recife|BR 232|Curado|s/n|50000-230|Km 7|ROD|BR-232|KM 7|S/N| |CURADO|50000-230| | |81|3232-2529| |dirmam_rec@hotmail.com|www.recife.pe.gov.br/meioambiente/jb_apresentacao.php
25|-34.947596|-8.009968|2|PE|Recife|2611606|Parque Estadual Dois Irmãos|Praça Farias Neves|Dois Irmãos|s/n|52171-011| |PCA|FARIAS NEVES| |S/N| |DOIS IRMAOS|52171-011| | |81|3301-6518|3441-7696| |www2.parquedoisirmaos.pe.gov.br/web/parque
26|-42.699048|-9.012825|2|PI|São Raimundo Nonato|2210607|Fundação Museu do Homem Americano|Centro Cultural Sérgio Motta|Campestre| |64770-000| | |CENTRO CULTURAL SERGIO MOTTA| | | |CAMPESTRE|64770-000| | |89|3582-1612| |umdham@terra.com.br|www.fumdham.org.br
27|-35.201845|-5.803223|2|RN|Natal|2408102|Museu Câmara Cascudo|Avenida Hermes da Fonseca|Tirol|1.398|59015-001| |AV|HERMES DA FONSECA| |1398| |TIROL|59015-001| | |84|3222-0923|3215-2537|museucc@mcc.ufrn.br|www.mcc.ufrn.br
28|-37.347787|-5.184126|2|RN|Mossoró|2408003|Museu de Paleontologia Vingt-Un Rosado|Av. Francisco Mota|Escola Superior de Agricultura de Mossoró| |59625-300|ed. Ezequias Pegado Cortez|AV|FRANCISCO MOTA| | |ED. EZEQUIAS PEGADO CORTEZ|ESCOLA SUPERIOR DE AGRICULTURA DE MOSSORO|59625-300| | |84|3315-1734| | | 
29|-35.271323|-5.911552|2|RN|Parnamirim|2403251|Planetário de Parnamirim|Av. Castor Vieira Régis|Cohabinal|s/n|59140-840| |AV|CASTOR VIEIRA REGIS| |S/N| |COHABINAL|59140-840| | |84|3643-3931| |nenaparnamirim@hotmail.com| 
30|-37.074658|-10.908957|2|SE|Aracaju|2800308|Casa de Ciência e Tecnologia da Cidade de Aracaju|Av. Oviedo Teixeira|Jardins|s/n|49026-100| |AV|OVIEDO TEIXEIRA| |S/N| |JARDINS|49026-100| | |79|3217-3370| |ccteca.planetario@yahoo.com.br| 
31|-37.788262|-9.648139|2|SE|Canindé de São Francisco|2801207|Museu de Arqueologia de Xingó|Rodovia Canindé, Piranhas|Xingó| |43200-000|Trevo da UHE|ROD|CANINDE| | |TREVO DA UHE - PIRANHAS|XINGO|43200-000| | |79|2105-6448|2105-6453|max@ufs.br|www.max.org.br
32|-51.059542|.029311|2|AP|Macapá|1600303|Centro de Pesquisas Museológicas Museu Sacaca|Av. Feliciano Coelho|Trem|1.509|68900-260| |AV|FELICIANO COELHO| |1509| |TREM|68900-260| | |96|3212-5361|3212-5362|nubia.almeida@iepa.ap.gov.br|www.iepa.ap.gov.br
33|-60.004538|-3.104628|2|AM|Manaus|1302603|Bosque da Ciência|Av. André Araújo|Petrópolis|2.936|69083-000| |AV|ANDRE ARAUJO| |2936| |PETROPOLIS|69083-000| | |92|3643-3192| |bosque@inpa.gov.br|http://bosque.inpa.gov.br/principal.htm
34|-60.106932|-3.059564|1|AM|Manaus|1302603|Zoo Tropical Manaus|Av. Coronel Teixeira|Ponta Negra|1.320|69037-000| |AV|CORONEL TEIXEIRA| |1320| |PONTA NEGRA|69037-000| | |92|2123-5246|3658-3034|dcampista@osite.com.br|www.tropicalhotel.com.br
35|-48.467538|-1.450317|1|PA|Belém|1501402|Bosque Rodrigues Alves|Av. Almirante Barroso|Bairro do Marco|2.453|66093-020| |AV|ALMIRANTE BARROSO| |2453| |BAIRRO DO MARCO|66093-020| | |91|3241-6332|3241-6169|gab.semma@cinbesa.com.br|www.belem.pa.gov.br/semma/bosque
36|-48.477305|-1.452035|2|PA|Belém|1501402|Museu Paraense Emílio Goeldi|Av. Magalhães Barata|São Brás|376|66040-170| |AV|MAGALHAES BARATA| |376| |SAO BRAS|66040-170| | |91|3249-6373| |centrodevisitantes@museu-goeldi.br|www.museu-goeldi.br
37|-48.617083|-1.518897|2|PA|Barcarena|1501303|Parque de Ciências|Av. Dom Romualdo Coelho|Vila dos Cabanos|372|66447-000| |AV|DOM ROMUALDO COELHO| |372| |VILA DOS CABANOS|66447-000| | |91|3252-3478| |ciparque@yahoo.com.br| 
38|-40.358368|-20.315532|2|ES|Vitória|3205309|Escola da Ciência Biologia e História|Av. Dário Lourenço de Souza|Sambão do Povo|790|29026-080|Mário Cypreste|AV|DARIO LOURENCO DE SOUZA| |790|MARIO CYPRESTE|SAMBAO DO POVO|29026-080| | |27|3332-1612|3381-6994|ecbh@vitoria.es.gov.br|www.vitoria.es.gov.br/ecbh
39|-40.342039|-20.318472|2|ES|Vitória|3205309|Escola da Ciência Física|Rua José de Anchieta|Centro|s/n|29018-270|Parque Moscoso|R|JOSE DE ANCHIETA| |S/N|PARQUE MOSCOSO|CENTRO|29018-270| | |27|3233-3556| |ecienciafisica@gmail.com|www.vitoria.es.gov.br/secretarias/educacao
40|-40.600561|-19.936096|2|ES|Santa Teresa|3204609|Museu de Biologia Profesor Melo Leitão|Av. José Ruschi|Centro|4|29650-000| |AV|JOSE RUSCHI| |4| |CENTRO|29650-000| | |27|3259-1182|3259-1696|ruschi@terra.com.br|www.melloleitao.iphan.gov.br
41|-40.301897|-20.292069|2|ES|Vitória|3205309|Núcleo de Ciências|Av. Fernando Ferrari|Goiabeiras|514|29075-910| |AV|FERNANDO FERRARI| |514| |GOIABEIRAS|29075-910| | |27|3335-2332|3335-7877|nucleoc@npd.ufes.br|www.ufes.br/~nucleoc
42|-40.298619|-20.267579|2|ES|Vitória|3205309|Planetário de Vitória|Av. Fernando Ferrari|Goiabeiras|515|29075-911| |AV|FERNANDO FERRARI| |515| |GOIABEIRAS|29075-911| | |28|3335-2332|3335-7877|nucleoc@npd.ufes.br| 
43|-40.347776|-20.322841|2|ES|Vitória|3205309|Praça da Ciência|Av. Américo Buaiz|Enseada do Suá|s/n|29020-420| |AV|AMERICO BUAIZ| |S/N| |ENSEADA DO SUA|29020-420| | |27|3345-0882| |pracaciencia@yahoo.com.br|www.vitoria.es.gov.br/secretarias/educacao/pracaciencia.htm
44|-43.360915|-21.754709|1|MG|Juiz de Fora|3136702|Centro de Ciências da Universidade Federal de Juiz de Fora|Rua Visconde de Mauá|Santa Helena|300|36015-260| |R|VISCONDE DE MAUA| |300| |SANTA HELENA|36015-260| | |32|3229-7606| |centrodeciencias@ufjf.edu.br|www.centrodeciencias.ufjf.br
45|-47.921383|-19.773488|2|MG|Uberaba|3170107|Centro de Pesquisas Paleontológicas Llewelyn Ivor Price e Museu dos Dinosauros|BR 262| |s/n| |Km 784|ROD|BR-262|KM 784|S/N| | | | | |34|3359-0105| | | 
46|-43.966762|-19.848935|1|MG|Belo Horizonte|3106200|Fundação Zoo-Botânica de Belo Horizonte|Av. Otacílio Negrão de Lima|Pampulha|8.000|31365-450| |AV|OTACILIO NEGRAO DE LIMA| |8| |PAMPULHA|31365-450| | |31|3277-7100|3277-7258|fzbascom@pbh.gov.br|www.pbh.gov.br/zoobotanica
47|-43.957375|-19.864894|2|MG|Belo Horizonte|3106200|Laboratório de Divulgação Científica|Av. Antonio Carlos|Pampulha|6.627|31270-901|Campus Pampulha|AV|ANTONIO CARLOS| |6627|CAMPUS PAMPULHA|PAMPULHA|31270-901| | |31|3499-5675|3499-6604|divertida@fisica.ufmg.br|www.fisica.ufmg.br/divertida
48|-43.887048|-19.630947|2|MG|Lagoa Santa|3137601|Museu Arqueológico da Região de Lagoa Santa – Lapinha|Gruta da Lapinha| | | |Acesso pelo Km 44 da MG-010| |GRUTA DA LAPINHA| | |ACESSO PELO KM 44 DA MG-010| |33400-000| | |31|3681-1363| | | 
49|-43.786618|-21.209099|2|MG|Barbacena|3105608|Museu da Loucura|Rua 14 de agosto|Floresta|s/n|36202-850| |R|14 DE AGOSTO| |S/N| |FLORESTA|36202-850| | |32|3339-1611| |chpb.nep@fhemig.mg.gov.br| 
50|-43.934522|-19.916508|2|MG|Belo Horizonte|3106200|Museu de Artes e Ofício|Praça Rui Barbosa|Centro|s/n|30160-000|Praça da Estação|PCA|RUI BARBOSA| |S/N|PRACA DA ESTACAO|CENTRO|30160-000| | |31|3248-8600| |info@mao.org.br|www.mao.org.br
51|-43.503608|-20.38568|1|MG|Ouro Preto|3146107|Museu de Ciência e Técnica da Escola de Minas|Praça Tiradentes|Centro|20|35400-000| |PCA|TIRADENTES| |20| |CENTRO|35400-000| | |31|3559-3119|3559-1597|museu@ufop.br|www.museu.em.ufop.br/museu
52|-42.875479|-20.757177|2|MG|Viçosa|3171303|Museu de Ciências da Tera Alexis Dorofef|Vila Giannetti|Campus UFV|casa 31|36570-000|Campus Universitário UFV|V|GIANNETTI| | |CAMPUS UNIVERSITARIO UFV|CAMPUS UFV|36570-000| | |31|3899-2662|3899-2648|mctad@ufv.br|www.mctad.ufv.br
53|-43.957375|-19.864894|2|MG|Belo Horizonte|3106200|Museu de Ciências Morfológicas|Av. Antonio Carlos| |6.627|31270-910|Pampulha|AV|ANTONIO CARLOS| |6627|PAMPULHA| |31270-910| | |31|3409-2776| |mcm@icb.ufmg.br|www.icb.ufmg.br/cenex/museumor.htm
54|-43.992737|-19.925989|2|MG|Belo Horizonte|3106200|Museu de Ciências Naturais da PUC Minas|Av. Dom José Gaspar| |290|30535-901|Coração Eucarístico|AV|DOM JOSE GASPAR| |290|CORACAO EUCARISTICO| |30535-901| | |31|3319-4152|3319-4983|museu@pucminas.br|www.pucminas.br/museu
55|-43.913495|-19.890267|1|MG|Belo Horizonte|3106200|Museu de História Natural e Jardim Botânico da UFMG|Rua Gustavo da Silveira|Santa Inês|1.035|31080-010| |R|GUSTAVO DA SILVEIRA| |1035| |SANTA INES|31080-010| | |31|3409-7612|3409-7611|dir@mhnjb.ufmg.br|www.mhnjb.ufmg.br
56|-43.939002|-19.932198|1|MG|Belo Horizonte|3106200|Museu de Mineralogia Profesor Djalma Guimarães|Av. Bias Fortes|Centro|50|30170-010| |AV|BIAS FORTES| |50| |CENTRO|30170-010| | |31|3271-3415| |museumin@pbh.gov.br| 
57|-43.923512|-19.942942|1|MG|Belo Horizonte|3106200|Oi Futuro|Av. Afonso Pena|Mangabeiras|4.001|30130-008| |AV|AFONSO PENA| |4001| |MANGABEIRAS|30130-008| | |31|3229-3131|3229-7696| |www.oifuturo.org.br/museu
58|-42.542373|-19.470315|2|MG|Ipatinga|3131307|Parque da Ciência de Ipatinga|Av. Burle Max|Parque Ipanema|s/n|35162-011| |AV|BURLE MAX| |S/N| |PARQUE IPANEMA|35162-011| | |31|3829-8365| |parquedaciencia@ipatinga.mg.gov.br|www.ipatinga.mg.gov.br
59|-42.878871|-20.754915|1|MG|Viçosa|3171303|Parque da Ciência de Viçosa|Av. P. H. Rolfs|Campus UFV|s/n|36570-000|Campus UFV|AV|P H ROLFS| |S/N|CAMPUS UFV|CAMPUS UFV|36570-000| | |31|3899-2699|3899-2499|epassos@ufv.br|www.ufv.br/crp
60|-43.177045|-22.955965|1|RJ|Rio de Janeiro|3304557|CASA DA CIÊNCIA – CENTRO CULTURAL DE CIÊNCIA E TECNOLOGIA DA UFRJ|Rua Lauro Müller|Botafogo|3|22290-160| |R|LAURO MULLER| |3| |BOTAFOGO|22290-160| | |21|2542-7494| |casadaciencia@casadaciencia.ufrj.br|www.casadaciencia.ufrj.br
61|-43.129869|-22.904928|2|RJ|Niterói|3303302|Casa da Descoberta|Av. Litorânea|Boa Viagem|s/n|24340-520|Campus da Praia Vermelha|AV|LITORANEA| |S/N|CAMPUS DA PRAIA VERMELHA|BOA VIAGEM|24340-520| | |21|2629-5809|2629-5887|descubra@if.uff.br|www.casadadescoberta.uff.br
62|-43.170576|-22.9037|1|RJ|Rio de Janeiro|3304557|Centro Cultural da Saúde|Praça Marechal Âncora|Centro|s/n|20021-200| |PCA|MARECHAL ANCORA| |S/N| |CENTRO|20021-200| | |21|2240-5568|2240-2845|ccs@ccs.saude.gov.br|www.ccs.saude.gov.br
63|-43.187001|-22.902664|2|RJ|Rio de Janeiro|3304557|Centro Cultural Light|Av. Marechal Floriano|Centro|168|20080-002| |AV|MARECHAL FLORIANO| |168| |CENTRO|20080-002| | |21|2211-7295|2211-4420|eventos@light.com.br|www.light.com.br
64|-43.413885|-22.80788|1|RJ|Nilópolis|3303203|Espaço Ciência Interativa|Rua Lucio Tavares|Centro|1.045|26530-060| |R|LUCIO TAVARES| |1045| |CENTRO|26530-060| | |21|2691-9804|2691-6396|espacocienciainterativa@gmail.com| 
65|-43.22862|-22.921916|1|RJ|Rio de Janeiro|3304557|Espaço Ciência Viva|Av. Heitor Beltrão|Tijuca|321|20550-000| |AV|HEITOR BELTRAO| |321| |TIJUCA|20550-000| | |21|2204-0599| |museu@cienciaviva.org.br|www.cienciaviva.org.br
66|-43.238509|-22.840585|2|RJ|Rio de Janeiro|3304557|Espaço COPPE Miguel de Simoni Tecnologia e Desenvolvimento|Av. Brigadeiro Trompowsky|Ilha do Fundão|s/n|21945-970|CT, bl. 1, s. 238|AV|BRIGADEIRO TROMPOWSKY| |S/N|CT, BL. 1, S. 238|ILHA DO FUNDAO|21945-970| | |21|2562-8230|2562-8296|esp@espaco.coppe.ufrj.br|www.espaco.coppe.ufrj.br
67|-43.173988|-22.902449|1|RJ|Rio de Janeiro|3304557|Espaço Cultural da Marinha|Av. Alfred Agache|Centro|s/n|20021-000| |AV|ALFRED AGACHE| |S/N| |CENTRO|20021-000| | |21|2233-9165|2104-6721| |www.mar.mil.br/dphdm
68|-41.029179|-21.663172|2|RJ|São João da Barra|3305000|Espaço da Ciência “Maria de Lourdes Coelho Anunciação” de São João da Bara|Av. Atlântica|Balneário de Atafona|s/n|20200-000| |AV|ATLANTICA| |S/N| |BALNEARIO DE ATAFONA|20200-000| | |22|2741-0289| | | 
69|-43.711261|-22.608304|2|RJ|Paracambi|3303609|Espaço da Ciência de Paracambi|Rua Sebastião de Lacerda|Fábrica|s/n|26600-000|Centro Tecnológico Universitário de Paracambi|R|SEBASTIAO DE LACERDA| |S/N|CENTRO TECNOLOGICO UNIVERSITARIO DE PARACAMBI|FABRICA|26600-000| | |21|2683-2885| | |www.cederj.edu.br/fundacaocecierj
70|-43.20129|-22.116155|1|RJ|Três Rios|3306008|Espaço da Ciência de Três Rios|Rua Barão de Entre Rios|Centro|s/n|25802-315| |R|BARAO DE ENTRE RIOS| |S/N| |CENTRO|25802-315| | |24|2252-0357| |marlicbiaqqi@hotmail.com| 
71|-43.114775|-22.886396|2|RJ|Niterói|3303302|Espaço UFF de Ciências|Av. Jansen de Melo|Centro|174|24030-150| |AV|JANSEN DE MELO| |174| |CENTRO|24030-150| | |21|2629-2313|2629-9611|espauff@vm.uff.br|www.uff.br/espacouffciencias
72|-43.241075|-22.900866|2|RJ|Rio de Janeiro|3304557|Fundação Cecierj – Centro de Ciências  do Estado do Rio de Janeiro|Rua Visconde de Niterói|Mangueira|1.364|22241-020| |R|VISCONDE DE NITEROI| |1364| |MANGUEIRA|22241-020| | |21|2568-1226|2568-0725|cederj@cederj.rj.gov.br|www.cederj.edu.br/fundacaocecierj
73|-43.227662|-22.903247|2|RJ|Rio de Janeiro|3304557|Fundação Jardim Zoológico RIOZOO|Parque Quinta da Boa Vista|São Cristóvão|s/n|20940-040| | |PARQUE QUINTA DA BOA VISTA| |S/N| |SAO CRISTOVAO|20940-040| | |21|3878-4200| |riozoo@pcrj.rj.gov.br|www.rio.rj.gov.br/riozoo
74|-43.178759|-22.913945|1|RJ|Rio de Janeiro|3304557|Fundação Museu da Imagem e do Som|Rua Visconde de Maranguape|Lapa|15|20021-390|2º andar|R|VISCONDE DE MARANGUAPE| |15|2º ANDAR|LAPA|20021-390| | |21|2332-9508|2332-9520|mis@mis.rj.gov.br|www.mis.rj.gov.br
75|-43.230213|-22.978821|1|RJ|Rio de Janeiro|3304557|Fundação Planetário da Cidade do Rio de Janeiro|Rua Vice-Governador Rubens Berardo|Gávea|100|22451-070| |R|VICE-GOVERNADOR RUBENS BERARDO| |100| |GAVEA|22451-070| | | | | |planetario@rio.rj.gov.br|www.rio.rj.gov.br/planetario
76|-43.684094|-22.920453|2|RJ|Rio de Janeiro|3304557|Fundação Planetário da Cidade do Rio de Janeiro|Rodovia Mário Covas|Santa Cruz|Km 1|23565-130| |ROD|MARIO COVAS|KM 1| | |SANTA CRUZ|23565-130| | |21|2274-0046|2529-2146|planetario@rio.rj.gov.br|www.jbrj.gov.br
77|-43.229273|-22.966188|1|RJ|Rio de Janeiro|3304557|Instituto de Pesquisas Jardim Botânico do Rio de Janeiro|Rua Pacheco Leão|Jardim Botânico|915|22460-030| |R|PACHECO LEAO| |915| |JARDIM BOTANICO|22460-030| | |21|2511-0511|2259-5041|jbrj@jbrj.gov.br|www.ivb.rj.gov.br
78|-43.180065|-22.964931|2|RJ|Rio de Janeiro|3304557|INSTITUTO VITAL BRAZIL|Rua Maestro José Botelho|Vital Brazil|64|24230-410| |R|MAESTRO JOSE BOTELHO| |64| |VITAL BRAZIL|24230-410| | |21|2711-9223|2711-9092|luis.eduardo@ivb.rj.gov.br|www.ivb.rj.gov.br
79|-43.707147|-22.740723|2|RJ|Seropédica|3305554|Jardim Botânico da Universidade Federal Rural do Rio de Janeiro|Rodovia BR 465|Campus Universitário|Km 7|23890-000| |ROD|BR-465| | | |CAMPUS UNIVERSITARIO|23890-000| | |21|3787-4028|2682-1210|jbrural@ufrrj.br|www.ufrrj.br
80|-43.388725|-22.884973|2|RJ|Rio de Janeiro|3304557|Museu Aeroespacial|Av. Marechal Fontenelle|Campo dos Afonsos|2.000|21740-000| |AV|MARECHAL FONTENELLE| |2000| |CAMPO DOS AFONSOS|21740-000| | |21|2108-8954|2108-8955|musal@musal.aer.mil.br|www.musal.aer.mil.br
81|-42.391351|-22.812185|2|RJ|Araruama|3300209|Museu Arqueológico de Araruama|Rodovia RJ-124|Morro Grande|Km 25|28970-000| |ROD|RJ-124|KM 25| | |MORRO GRANDE|28970-000| | |22|2764-6350| |museu@araruama.rj.gov.br| 
82|-43.188804|-22.919524|2|RJ|Rio de Janeiro|3304557|Museu Casa de Benjamin Constant|Rua Monte Alegre|Santa Teresa|255|20240-320| |R|MONTE ALEGRE| |255| |SANTA TERESA|20240-320| | |21|2242-0062|2509-1248|museubenjaminconstant@iphan.gov.br| 
83|-43.232578|-22.858796|2|RJ|Rio de Janeiro|3304557|Museu da Geodiversidade|Av. Athos da Silveira Ramos|Ilha do Fundão|274|21941-916|Cidade Universitária|AV|ATHOS DA SILVEIRA RAMOS| |274|CIDADE UNIVERSITARIA|ILHA DO FUNDAO|21941-916| | |21|2598-9464|2598-3093|museugeodiversidade@geologia.ufrj.br|www.geologia.ufrj.br/museu
84|-43.172647|-22.90448|1|RJ|Rio de Janeiro|3304557|Museu da Justiça do Estado do Rio de Janeiro|Rua Dom Manuel|Centro|29|20010-090|3º andar|R|DOM MANUEL| |29|3º ANDAR|CENTRO|20010-090| | |21|3133-3768|3133-3767|museudajustica@tj.rj.gov.br|www.tj.rj.gov.br
85|-43.230565|-22.859093|2|RJ|Rio de Janeiro|3304557|Museu da Química Profesor Athos da Silveira Ramos|Centro de Tecnologia|Ilha do Fundão|s. A-517|21949-900|bl. A| |CENTRO DE TECNOLOGIA| | |BL. A|ILHA DO FUNDAO|21949-900| | |21|2562-7555|2562-7862|julio@iq.ufrj.br|http://server2.iq.ufrj.br/museu
86|-43.176387|-22.926417|1|RJ|Rio de Janeiro|3304557|Museu da República|Rua do Catete|Catete|153|22220-000| |R|DO CATETE| |153| |CATETE|22220-000| | |21|2558-6350|2285-0795|museu@museudarepublica.org.br|www.museudarepublica.org.br
87|-43.243457|-22.875859|2|RJ|Rio de Janeiro|3304557|Museu da Vida|Av. Brasil|Manguinhos|4.365|21045-900| |AV|BRASIL| |4365| |MANGUINHOS|21045-900| | |21|3865-2121|2590-6747|museudavida@coc.fiocruz.br|www.museudavida.fiocruz.br
88|-43.034011|-22.949739|2|RJ|Niterói|3303302|Museu de Arqueologia de Itaipu|Praça de Itaipu|Itaipu|s/n|24340-005| |PCA|DE ITAIPU| |S/N| |ITAIPU|24340-005| | |21|2709-4079| |mai@iphan.gov.br| 
89|-43.223277|-22.896201|1|RJ|Rio de Janeiro|3304557|Museu de Astronomia E Ciências Afins|Rua General Bruce|São Cristóvão|586|20921-030| |R|GENERAL BRUCE| |586| |SAO CRISTOVAO|20921-030| | |21|2580-7010|2580-4531|mast@mast.br|www.mast.br
90|-43.170997|-22.953691|2|RJ|Rio de Janeiro|3304557|Museu de Ciências da Terra|Av. Pasteur|Urca|404|22290-160| |AV|PASTEUR| |404| |URCA|22290-160| | |21|2295-7596|2295-4866|dac@abc.org.br| 
91|-41.944968|-22.524926|2|RJ|Rio das Ostras|3304524|Museu de Sítio Arqueológico Sambaqui da Tarioba|Rua Dr. Bento Costa Jr.|Centro|70|28890-000| |R|DR BENTO COSTA JR| |70| |CENTRO|28890-000| | |22|2764-6350|2764-7115|rocha.selma@gmail.com|www.culturariodasostras.com.br
92|-43.231525|-22.858411|2|RJ|Rio de Janeiro|3304557|Museu Escola Politécnica|Av. Athos da Silveira Ramos|Ilha do Fundão|149|21945-970|Centro de Tecnologia, bl. A, 2º and.|AV|ATHOS DA SILVEIRA RAMOS| |149|CENTRO DE TECNOLOGIA, BL. A, 2º AND.|ILHA DO FUNDAO|21945-970| | |21|2562-7723|2562-7718|museuee@ct.ufrj.br|www.poli.ufrj.br/politecnicamuseu.php
93|-43.171316|-22.903771|2|RJ|Rio de Janeiro|3304557|Museu Histórico Nacional|Praça Marechal Âncora|Centro|s/n|22021-200| |PCA|MARECHAL ANCORA| |S/N| |CENTRO|22021-200| | |21|2550-9220| |mhn02@visualnet.com.br|www.museuhistoriconacional.com.br
94|-43.227793|-22.902743|2|RJ|Rio de Janeiro|3304557|Museu Nacional|Quinta da Boa Vista|São Cristóvão|s/n|20940-040| | |QUINTA DA BOA VISTA| |S/N| |SAO CRISTOVAO|20940-040| | |21|2562-6042|2254-4320|museu@mn.ufrj.br|www.museunacional.ufrj.br
95|-42.029965|-22.964716|2|RJ|Arraial do Cabo|3300258|Museu Oceanográfico|Praça Daniel Barreto|Praia dos Anjos|s/n|28930-000| |PCA|DANIEL BARRETO| |S/N| |PRAIA DOS ANJOS|28930-000| | |22|2622-9089|2622-9087|museu@ieapm.mar.mil.br|www.ieapm.mar.mil.br/museu.htm
96|-43.176757|-22.929971|1|RJ|Rio de Janeiro|3304557|Oi Futuro|Rua Dois de Dezembro|Flamengo|63|22220-040| |R|DOIS DE DEZEMBRO| |63| |FLAMENGO|22220-040| | |21|3131-3060|3131-3050|faleconosco@oifuturo.org.br|www.oifuturo.org.br
97|-43.356898|-22.954791|1|RJ|Rio de Janeiro|3304557|SESCiência|Av. Ayrton Senna|Barra da Tijuca|5.555|22775-004|Gerência de Educação e Ação Social|AV|AYRTON SENNA| |5555|GERENCIA DE EDUCACAO E ACAO SOCIAL|BARRA DA TIJUCA|22775-004| | |21|2136-5210|2136-5394|asebilia@sesc.com.br|www.sesc.com.br
98|-46.616063|-23.593446|1|SP|São Paulo|3550308|Aquário de São Paulo|Rua Huet Bacelar|Ipiranga|407|04275-000| |R|HUET BACELAR| |407| |IPIRANGA|04275-000| | |11|2273-5500| |aquario@aquariodesaopaulo.com.br|www.aquariodesaopaulo.com.br
99|-45.068228|-23.446348|1|SP|Ubatuba|3555406|Aquário de Ubatuba|Rua Guarani|Itaguá|859|11680-000| |R|GUARANI| |859| |ITAGUA|11680-000| | |12|3832-1382|3832-7491|staff@aquariodeubatuba.com.br|www.aquariodeubatuba.com.br
100|-46.237389|-23.988427|1|SP|Guarujá|3518701|Aquário do Guarujá|Av. Miguel Estefno|Praia da Enseada|2.001|11440-531| |AV|MIGUEL ESTEFNO| |2001| |PRAIA DA ENSEADA|11440-531| | |13|3351-8867| |rossana@aquarioguaruja.com.br|www.acquamundo.com.br
101|-47.803443|-21.173661|1|SP|Ribeirão Preto|3543402|Bosque e Zoológico Municipal Dr. Fábio de Sá Bareto|Rua Liberdade|Campos Elíseos|s/n|14085-250| |R|LIBERDADE| |S/N| |CAMPOS ELISEOS|14085-250| | |16|3636-2283| |diveducacaoambiental@meioambiente.pmrp.com.br|www.ribeiraopreto.sp.gov.br
102|-46.627619|-23.543983|2|SP|São Paulo|3550308|Catavento Cultural e Educacional|Parque Dom Pedro II|Centro|s/n|03003-060|Palácio das Indústrias| |PARQUE DOM PEDRO II| |S/N|PALACIO DAS INDUSTRIAS|CENTRO|03003-060| | |11|3246-4048|3246-4138|faleconosco@cataventocultural.org.br|www.cataventocultural.org.br
103|-48.182782|-21.810708|2|SP|Araraquara|3503208|Centro de Ciências de Araraquara|Av. Dr. Bernardino A. Almeida|Jardim Santa Lúcia|s/n|14800-540| |AV|DR BERNARDINO A ALMEIDA| |S/N| |JARDIM SANTA LUCIA|14800-540| | |16|3322-4812|3322-7932|dqgiluiz@iq.unesp.br|www.iq.unesp.br
104|-47.892849|-22.018916|2|SP|São Carlos|3548906|Centro de Divulgação Científica e Cultural|Rua 9 de julho|Centro|1.227|13560-590| |R|9 DE JULHO| |1227| |CENTRO|13560-590| | |16|3372-3910|3373-9772|diretoria@cdcc.sc.usp.br|www.cdcc.sc.usp.br
105|-49.414033|-20.813943|1|SP|São José do Rio Preto|3549805|Centro Integrado de Ciência e Cultura|Av. João Batista Vetorazzo|Distrito Industrial|500|15035-470| |AV|JOAO BATISTA VETORAZZO| |500| |DISTRITO INDUSTRIAL|15035-470| | |17|3232-9426|3212-7148|administração@centrodeciencias.org.br|www.centrodeciencias.org.br
106|-44.959765|-22.583427|2|SP|Cruzeiro|3513405|Centro Interdisciplinar de Ciência de Cruzeiro|Rua Oto Barcellos|Centro|s/n|12730-010| |R|OTO BARCELLOS| |S/N| |CENTRO|12730-010| | |12|3144-1207| |cema@hexato.com.br|www.ceeteps.br
107|-46.695419|-23.522705|1|SP|São Paulo|3550308|Estação Ciência|Rua Guaicurus|Lapa|1.394|05033-002| |R|GUAICURUS| |1394| |LAPA|05033-002| | |11|3673-7022|3673-2798|info@eciencia.usp.br|www.eciencia.usp.br
108|-46.886473|-23.174483|2|SP|Jundiaí|3525904|Jardim Botânico “Valmor de Souza” de Jundiaí|Av. Antônio Frederico Ozanan|Vila Lacerda|6.700|13215-250| |AV|ANTONIO FREDERICO OZANAN| |6700| |VILA LACERDA|13215-250| | |11|4582-3581|4589-8520|smsp_botanico@jundiai.sp.gov.br|www.jundiai.sp.gov.br
109|-46.627181|-23.641433|2|SP|São Paulo|3550308|Jardim Botânico de São Paulo|Av. Miguel Estéfano|Água Funda|3.031|04301-012| |AV|MIGUEL ESTEFANO| |3031| |AGUA FUNDA|04301-012| | |11|5073-6300| |faleconosco@ibot.sp.gov.br|www.ibot.sp.gov.br/Index.htm
110|-47.062356|-22.890396|2|SP|Campinas|3509502|Jardim Botânico do Instituto Agronômico|Av. Barão de Itapura|Guanabara|1.481|13001-970| |AV|BARAO DE ITAPURA| |1481| |GUANABARA|13001-970| | |19|3231-5422|3231-4943|veiga@iac.sp.gov.br|www.iac.sp.gov.br/Centros/Cec/JNB/apres.htm
111|-48.489975|-22.889292|2|SP|Botucatu|3507506|Jardim Botânico do Instituto de Biociências de Botucatu|Distrito de Rubião Junior| |s/n|18618-000| | |DISTRITO DE RUBIAO JUNIOR| |S/N| | |18618-000| | |14|3811-6265|3811-6177|jb-ib@ibb.unesp.br|www.ibb.unesp.br/jardimbotanico
112|-48.992109|-22.328537|2|SP|Bauru|3506003|Jardim Botânico Municipal de Bauru|Rod. João Ribeiro de Barros|Tangarás|Km 232|17035-245| |ROD|JOAO RIBEIRO DE BARROS|KM 232| | |TANGARAS|17035-245| | |14|3281-3358| |jbbauru@ibest.com.br| 
113|-47.154077|-22.761595|2|SP|Paulínia|3536505|Jardim Botânico Municipal de Paulínia “Adelelmo Piva Jr.”|Rodovia Roberto Moreira|Jardim Vista Alegre|575|13140-000| |ROD|ROBERTO MOREIRA| |575| |JARDIM VISTA ALEGRE|13140-000| | |19|3844-4168|3833-2093|jmiachir@uol.com.br|www.paulinia.sp.gov.br
114|-46.369515|-23.935599|1|SP|Santos|3548500|Jardim Botânico Municipal de Santos “Chico Mendes”|Rua João Fracaroli|Bom Retiro|s/n|11089-230| |R|JOAO FRACAROLI| |S/N| |BOM RETIRO|11089-230| | |13|3203-2905|3203-6728|jbotanico-semam@santos.sp.gov.br|www.santos.sp.gov.br
115|-46.627181|-23.641433|2|SP|São Paulo|3550308|Museu Botânico “Dr. João Barbosa Rodrigues”|Rua Miguel Stéfano|Água Funda|3.031|04301-012| |R|MIGUEL STEFANO| |3031| |AGUA FUNDA|04301-012| | |11|5073-6300| |botanico@ibot.sp.gov.br|www.ibot.sp.gov.br
116|-46.636581|-23.534171|1|SP|São Paulo|3550308|Museu da Língua Portuguesa|Praça da Luz|Centro|s/n|01120-010| |PCA|DA LUZ| |S/N| |CENTRO|01120-010| | |11|3326-0775| |museu@museudalinguaportuguesa.org.br|www.estacaodaluz.org.br
117|-46.740518|-23.564317|1|SP|São Paulo|3550308|Museu de Anatomia Humana Profesor Alfonso Bovero|Av. Prof. Lineu Prestes|Butantã|2.415|05508-900|Cidade Universitária|AV|PROFESSOR LINEU PRESTES| |2415|CIDADE UNIVERSITARIA|BUTANTA|05508-900| | |11|3091-7360|3091-7753|mah@icb.usp.br|www.icb.usp.br/museu
118|-46.731915|-23.553126|1|SP|São Paulo|3550308|Museu de Arqueologia e Etnologia|Av. Prof. Almeida Prado|Butantã|1.466|05508-070|Cidade Universitária|AV|PROFESSOR ALMEIDA PRADO| |1466|CIDADE UNIVERSITARIA|BUTANTA|05508-070| | |11|3091-2899|3091-4888|mae@edu.usp.br|www.mae.usp.br
119|-46.374811|-23.970065|1|SP|São Vicente|3551009|Museu de Ciências da Natureza José Bonifácio de Andrada Silva|Rua Embaixador Pedro de Toledo|Praia do Gonzaguinha|s/n|11320-440| |R|EMBAIXADOR PEDRO DE TOLEDO| |S/N| |PRAIA DO GONZAGUINHA|11320-440| | |13|9116-7498|3469-1400| |www.museujobas.hpg.ig.com.br
120|-46.727799|-23.562773|1|SP|São Paulo|3550308|Museu de Geociências|Rua do Lago|Cidade Universitária|562|05508-080|1º andar|R|DO LAGO| |562|1º ANDAR|CIDADE UNIVERSITARIA|05508-080| | |11|3091-3952|3091-4670|mugeo@edu.usp.br|www2.igc.usp.br/museu/home.php
121|-47.050292|-22.907073|1|SP|Campinas|3509502|Museu de História Natural|Rua Cel. Quirino|Bosque dos Jequitibás|2|13025-004| |R|CEL QUIRINO| |2| |BOSQUE DOS JEQUITIBAS|13025-004| | |19|3295-5850|3251-9849|museuaquario@terra.com.br|www.campinas.sp.gov.br/cultura/museus/mhn
122|-45.536501|-23.016803|1|SP|Taubaté|3554102|Museu de História Natural de Taubaté|Rua Juvenal Dias de Carvalho|Jardim do Sol|111|12070-640| |R|JUVENAL DIAS DE CARVALHO| |111| |JARDIM DO SOL|12070-640| | |12|3631-2928| | |www.museuhistorianatural.com
123|-46.718417|-23.567562|1|SP|São Paulo|3550308|Museu de Microbiologia|Av. Vital Brasil|Butantã|1.500|05503-900| |AV|VITAL BRASIL| |1500| |BUTANTA|05503-900| | |11|3726-7222| |museumicrobiol@butantan.gov.br|www.butantan.gov.br
124|-47.553941|-22.383289|2|SP|Rio Claro|3543907|Museu de Minerais e Rochas Heinz Ebert|Av. 24-A|Bela Vista|1.515|13506-900|Departamento de Petrologia e Metalogenia|AV|24-A| |1515|DEPARTAMENTO DE PETROLOGIA E METALOGENIA|BELA VISTA|13506-900| | |19|3526-2809|3524-9644|museumr@rc.unesp.br|www.rc.unesp.br/museudpm
125|-49.948745|-22.21679|1|SP|Marília|3529005|Museu de Paleontologia de Marília|Av. Sampaio Vidal|Centro|245|17500-021|anexo à Biblioteca Municipal|AV|SAMPAIO VIDAL| |245|ANEXO A BIBLIOTECA MUNICIPAL|CENTRO|17500-021| | |14|3402-6600| | | 
126|-48.499956|-21.263978|2|SP|Monte Alto|3531308|Museu de Paleontologia de Monte Alto|Praça do Centenário|Centro de Artes|s/n|15910-000| |PCA|DO CENTENARIO| |S/N| |CENTRO DE ARTES|15910-000| | |16|3242-7845|3242-1123| | 
127|-46.610428|-23.587179|1|SP|São Paulo|3550308|Museu de Zoologia da Universidade de São Paulo|Avenida Nazaré|Ipiranga|481|04263-000| |AV|NAZARE| |481| |IPIRANGA|04263-000| | |11|2065-8100|2065-8140|smn@usp.br|www.mz.usp.br
128|-47.054015|-22.876914|2|SP|Campinas|3509502|Museu Dinâmico de Ciências de Campinas|Av. Heitor Penteado|Parque Taquaral|s/n|13075-460|portão 7|AV|HEITOR PENTEADO| |S/N|PORTAO 7|PARQUE TAQUARAL|13075-460| | |19|3252-2598| |planetário_campinas@yahoo.com.br| 
129|-47.640421|-22.705389|1|SP|Piracicaba|3538709|Museu e Centro de Ciências, Educação e Artes Luiz de Queiroz|Av. Pádua Dias|Agronomia|11|13418-900| |AV|PADUA DIAS| |11| |AGRONOMIA|13418-900| | |19|3429-4305|3422-5924|museumuseulq@esalq.usp.br|www.esalq.usp.br/svcex/
130|-47.056898|-22.814476|2|SP|Campinas|3509502|Museu Exploratório de Ciências|Cidade Universitária Zeferino Vaz|Barão Geraldo|s/n|13083-970| | |CIDADE UNIVERSITARIA ZEFERINO VAZ| |S/N| |BARAO GERALDO|13083-970| | |19|3521-5179|3521-4789|mc@reitoria.unicamp.br|www.mc.unicamp.br
131|-46.66864|-23.531897|1|SP|São Paulo|3550308|Museu Geológico Valdemar Lefèvre|Av. Francisco Matarazzo|Perdizes|455|05001-300|Parque da Água Branca|AV|FRANCISCO MATARAZZO| |455|PARQUE DA AGUA BRANCA|PERDIZES|05001-300| | |11|3872-6358|3673-6797|ferpires@igeologico.sp.gov.br|www.mugeo.sp.gov.br
132|-46.73183|-23.560104|1|SP|São Paulo|3550308|Museu Oceanográfico|Praça do Oceanográfico|Butantã|191|05508-120|Cidade Universitária|PCA|DO OCEANOGRAFICO| |191|CIDADE UNIVERSITARIA|BUTANTA|05508-120| | |11|3091-6587|3032-3092|sergiotc@usp.br|www.io.usp.br/museu/museu.htm
133|-46.609731|-23.585382|1|SP|São Paulo|3550308|Museu Paulista|Parque da Independência|Ipiranga|s/n|04218-970| | |PARQUE DA INDEPENDENCIA| |S/N| |IPIRANGA|04218-970| | |11|2065-8000|2065-8051|mp@edu.usp.br|www.mp.usp.br/index.htm
134|-46.607826|-23.712778|1|SP|Diadema|3513801|Observat ório Astronômico Municipal de Diadema|Av. Antonio Silvio Cunha Bueno|Jardim Inamar|1.322|09970-160| |AV|ANTONIO SILVIO CUNHA BUENO| |1322| |JARDIM INAMAR|09970-160| | |11|4043-6457| |observatoriosaad@diadema.com.br|www.observatorio.diadema.com.br
135|-46.62311|-23.649286|1|SP|São Paulo|3550308|Parque de Ciência e Tecnologia da USP|Av. Miguel Stefano|Água Funda|4.200|04301-904| |AV|MIGUEL STEFANO| |4200| |AGUA FUNDA|04301-904| | |11|5077-6312|5073-0270|parquecientec@usp.br|www.parquecientec.usp.br
136|-47.894509|-22.010623|2|SP|São Carlos|3548906|Parque Ecológico de São Carlos “Dr. Antonio Teixeira Viana”|Estrada Municipal Guilherme Scatena|Espraiado|Km 2|13560-970| |ESTR|MUNICIPAL GUILHERME SCATENA|KM 2| | |ESPRAIADO|13560-970| | |16|3361-4456|3361-2429|pesc@pesc.org.br|www.pesc.org.br
137|-47.337304|-22.747799|1|SP|Americana|3501608|Parque Ecológico Municipal de Americana “Cid Almeida Franco”|Av. Brasil|Centro|2.525|13468-000| |AV|BRASIL| |2525| |CENTRO|13468-000| | |19|3406-2075|3461-7503|pema@americana.sp.gov.br|www.americana.sp.gov.br
138|-46.894705|-21.593026|1|SP|São José do Rio Pardo|3549706|Parque Municipal Antonio de Pádua Nunes|Rua André Luis|João de Souza|s/n|13720-000| |R|ANDRE LUIS| |S/N| |JOAO DE SOUZA|13720-000| | |19|3681-6660|3682-7800|smfabio@uol.com.br| 
139|-46.376266|-23.943789|2|SP|Santos|3548500|Parque Zoobotânico “Orquidário Municipal de Santos”|Praça Washington|José Menino|s/n|11065-600| |PCA|WASHINGTON| |S/N| |JOSE MENINO|11065-600| | |19|3237-6970|3225-1353|orquidário-setur@santos.sp.gov.br| 
140|-47.437628|-23.50703|1|SP|Sorocaba|3552205|Parque Zoológico Municipal “Quinzinho de Baros”|Rua Theodoro Kaisel|Vila Hortência|883|18020-268| |R|THEODORO KAISEL| |883| |VILA HORTENCIA|18020-268| | |15|3227-5454| |pzmqb0@yahoo.com.br|www.zoologicosorocaba.com.br
141|-48.991586|-22.317485|2|SP|Bauru|3506003|Parque Zoológico Municipal de Bauru|Rod. Comandante João Ribeiro de Barros|Vargem Limpa|Km 232,5|17100-000| |ROD|COMANDANTE JOAO RIBEIRO DE BARROS|KM 232,5| | |VARGEM LIMPA|17100-000| | |14|32035229| |zoobauru@ibest.com.br| 
142|-46.660929|-23.584505|1|SP|São Paulo|3550308|Planetário Aristóteles Orsini|Av. Pedro Álvares Cabral|Parque Ibirapuera|s/n|04094-000|p. 10|AV|PEDRO ALVARES CABRAL| |S/N|P. 10|PARQUE IBIRAPUERA|04094-000| | |11|5575-5425|5575-5206|svmaplanetariodoibirapuera@prefeitura.sp.gov.br|www.prefeitura.sp.gov.br/planetarios
143|-46.528329|-23.683073|1|SP|Santo André|3547809|Sabina – Escola Parque do Conhecimento|Rua Juquiá|Paraíso|s/n|09181-730|(altura do n. 135)|R|JUQUIA| |S/N|(ALTURA DO N. 135)|PARAISO|09181-730| | |11|4422-2000|4425-6671|sabina@santoandre.sp.gov.br|www.santoandre.sp.gov.br
144|-46.647559|-22.483618|1|SP|Águas de Lindóia|3500501|Tecnorama|Av. Paulista|Moreiras|1.801|13940-000| |AV|PAULISTA| |1801| |MOREIRAS|13940-000| | |19|3824-2986| |reservas@tecnorama.com.br|www.tecnorama.com.br
145|-46.534927|-23.785588|2|SP|São Bernardo do Campo|3548708|Zoológico do Município de São Bernardo do Campo|Rua Portugal|Rio Grande|s/n|09832-400| |R|PORTUGAL| |S/N| |RIO GRANDE|09832-400| | |11|4354-9087| |zoo.saobernardo@gmail.com| 
146|-50.422869|-21.228602|2|SP|Araçatuba|3502804|Zoológico Municipal “Dr. Flávio Leite Ribeiro”|Rua do Fico|Dona Amélia|s/n|16015-100| |R|DO FICO| |S/N| |DONA AMELIA|16015-100| | |18|3621-4488|3625-5581|zooata@yahoo.com.br| 
147|-46.955824|-22.446287|2|SP|Mogi Mirim|3530805|Zoológico Municipal Luiz Gonzaga Amoêdo Campos|Rua Vereador Simão Ferreira Alves|Jardim Primavera|11|13800-000| |R|VEREADOR SIMAO FERREIRA ALVES| |11| |JARDIM PRIMAVERA|13800-000| | |19|3805-4730| |zoologico@mogimirim.sp.gov.br|www.mogimirim.sp.gov.br
148|-49.652685|-22.212301|1|SP|Garça|3516705|Zoológico Municipal de Garça|Rua Vital Soares|Willians|s/n|17400-000| |R|VITAL SOARES| |S/N| |WILLIANS|17400-000| | |14|3406-1401|3471-3499|sama@prefgarca.sp.gov.br| 
149|-47.401868|-22.564792|2|SP|Limeira|3526902|Zoológico Municipal de Limeira|Rua Boa Morte|Centro|117|13480-180| |R|BOA MORTE| |117| |CENTRO|13480-180| | |19|3442-7418| |zoo_limeira@ig.com.br| 
150|-46.770221|-22.999074|2|SP|Itatiba|3523404|Zooparque Itatiba|Rod. D. Pedro I|Paraíso das Aves|Km 95,5|13252-800|Sítio Paraíso das Aves|ROD|DOM PEDRO I| | |SITIO PARAISO DAS AVES|PARAISO DAS AVES|13252-800| | |11|4495-8299|4495-8311|zooparque@zooparque.com.br| 
151|-49.239173|-25.442541|2|PR|Curitiba|4106902|Jardim Botânico Municipal Francisca Maria Garfunkel Rischbieter|Av. Engenheiro Ostoja Roguski|Jardim Botânico|s/n|80210-390| |AV|ENGENHEIRO OSTOJA ROGUSKI| |S/N| |JARDIM BOTANICO|80210-390| | |41|3264-6994|3362-4568|emarcelino@smma.curitiba.pr.gov.br|www.curitiba.pr.gov.br
152|-49.238266|-25.43991|2|PR|Curitiba|4106902|Museu Botânico Municipal|Av. Engenheiro Ostoja Roguski|Jardim Botânico|s/n|80210-390| |AV|ENGENHEIRO OSTOJA ROGUSKI| |S/N| |JARDIM BOTANICO|80210-390| | |41|3362-1800|3264-7365|museubotanico@smma.curitiba.pr.gov.br|www.curitiba.pr.gov.br
153|-51.933793|-23.421018|2|PR|Maringá|4115200|Museu da Bacia do Paraná|Av. Colombo|Zona Sete|5.790|87020-900| |AV|COLOMBO| |5790| |ZONA SETE|87020-900| | |44|3261-4294| |sec-mbp@uem.br|www.mbp.uem.br
154|-51.169589|-23.30445|2|PR|Londrina|4113700|Museu de Ciência e Tecnologia de Londrina|Rodovia Celso Garcia Cid Pr|Campus Universitário|445|86051-990|Km 380|ROD|CELSO GARCIA CID PR|KM 380|445| |CAMPUS UNIVERSITARIO|86051-990| | |43|3371-4804| |renop@uel.br|www.mctlondrina.uel.br
155|-49.229899|-25.450744|2|PR|Curitiba|4106902|Museu de Ciências Naturais da Universidade Federal do Paraná|Setor de Ciências Biológicas|Jardim das Américas|s/n|81531-980|Campus Centro Politécnico|ST|DE CIENCIAS BIOLOGICAS| |S/N|CAMPUS CENTRO POLITECNICO|JARDIM DAS AMERICAS|81531-980| | |41|3361-1628|3266-2042|biomuseu@ufpr.br|www.bio.ufpr.br
156|-51.462816|-25.390719|2|PR|Guarapuava|4109401|Museu de Ciências Naturais de Guarapuava|BR 277|Primavera|Km 343|85050-450|Parque Municipal das Araucárias|ROD|BR-277|KM 343| |PARQUE MUNICIPAL DAS ARAUCARIAS|PRIMAVERA|85050-450| | |42|3624-3262|3623-8644|museu@unicentro.br|www.unicentro.br/museu
157|-49.220684|-25.436665|2|PR|Curitiba|4106902|Museu de História Natural Capão da Imbuia|Rua Benedito Conceição|Capão da Imbuia|407|82810-080| |R|BENEDITO CONCEICAO| |407| |CAPAO DA IMBUIA|82810-080| | |41|3366-3133| | | 
158|-50.650255|-23.183387|2|PR|Cornélio Procópio|4106407|Museu de História Natural “Mozart de Oliveira Valim”|Margem da Estrada de Ferro|Centro|s/n|86380-000|antiga Estação da R.V.P.S.C.| |MARGEM DA ESTRADA DE FERRO| |S/N|ANTIGA ESTACAO DA R.V.P.S.C.|CENTRO|86380-000| | |43|3904-1124| |galdinomhn@yahoo.com.br| 
159|-51.933793|-23.421018|2|PR|Maringá|4115200|Museu Dinâmico Interdisciplinar|Av. Colombo|Zona 7|790|87020-900|bl. 101  s. 1|AV|COLOMBO| |790|BL. 101  S. 1|ZONA 7|87020-900| | |44|3261-4930|3261-4930|simolinari@uem.br|www.mudi.uem.br/cms/index.php/home.html
160|-49.210586|-25.409531|2|PR|Curitiba|4106902|Museu e Aquário Marinho Itinerante Cristina Portela|Rua Henrique Correia|Bairro Alto|350|82840-270| |R|HENRIQUE CORREIA| |350| |BAIRRO ALTO|82840-270| | |41|3082-0609| |museucrismar@ibest.com.br| 
161|-51.714686|-22.789521|2|PR|Cafeara|4103404|Museu Histórico Municipal João Risati|Rua Mathias Aparecido Fogaça|Centro|162|86640-000| |R|MATHIAS APARECIDO FOGACA| |162| |CENTRO|86640-000| | |43|3625-1115| |secmedcaf@ig.com.br| 
162|-53.320617|-23.766104|2|PR|Umuarama|4128104|Museu Interdisciplinar de Ciências|Pça. Mascarenhas de Moraes|Centro|4.282|87502-210|bl. A - térreo|PCA|MASCARENHAS DE MORAES| |4282|BL. A - TERREO|CENTRO|87502-210| | |44|3621-2828|3621-2849|mic-umu@unipar.br|www.unipar.br
163|-49.276158|-25.427501|2|PR|Curitiba|4106902|Museu Paranaense|Rua Kellers|Centro|289|80410-100| |R|KELLERS| |289| |CENTRO|80410-100| | |41|3304-3300|3304-3308|museupr@pr.gov.br|www.museupr.pr.gov.br
164|-49.267395|-25.423351|2|PR|Curitiba|4106902|Observatório Astronômico e Planetário do Colégio Estadual do Paraná|Avenida João Gualberto|Centro|250|80030-000| |AV|JOAO GUALBERTO| |250| |CENTRO|80030-000| | |41|3304-8912|3304-8941|oacep@cep.pr.gov.br|www.cep.pr.gov.br
165|-49.193152|-25.443438|2|PR|Pinhais|4119152|Parque da Ciência Newton Freire Maia|Estrada da Graciosa|Jardim Boa vista|7.400|83327-000|Km 20|ESTR|DA GRACIOSA|KM 20|7400| |JARDIM BOA VISTA|83327-000| | |41|3666-6156| |pnfm@pnfm.pr.gov.br|www.pnfm.pr.gov.br
166|-51.169589|-23.30445|2|PR|Londrina|4113700|Planetário de Londrina|Rua Benjamin Constant|Centro|800|86010-350| |R|BENJAMIN CONSTANT| |800| |CENTRO|86010-350| | |43|3344-1145|3326-0567|planetário@uel.br|www2.uel.br/cce/mct/planetario
167|-51.169589|-23.30445|2|PR|Londrina|4113700|Planetarium – A tividades Culturais|Rua Luiz Gonzaga|Manoel Gonçalves|26|86082-025| |R|LUIZ GONZAGA| |26| |MANOEL GONCALVES|86082-025| | |43|3348-4896| |planetario@teatrodasestrelas.com.br|www.teatrodasestrelas.com.br
168|-54.583213|-25.543219|2|PR|Foz do Iguaçu|4108304|Polo Astronômico Casimiro Montenegro Filho|Av. Tancredo Neves|Jardim Itaipu|6.731|85867-900| |AV|TANCREDO NEVES| |6731| |JARDIM ITAIPU|85867-900| | |45|3576-7203|3520-6668|poloastronomico@pti.org.br|www.pti.org.br
169|-54.583213|-25.543219|2|PR|Foz do Iguaçu|4108304|Zoológico Bosque Guarani|Rua Tarobá|Centro|875|85851-220| |R|TAROBA| |875| |CENTRO|85851-220| | |45|3901-3383| |sidneibio@hotmail.com| 
170|-53.815484|-29.687304|2|RS|Santa Maria|4316907|Jardim Botânico da Universidade Federal de Santa Maria|Av. Roraima|Campus Camobi|1.000|97105-900| |AV|RORAIMA| |1000| |CAMPUS CAMOBI|97105-900| | |55|3220-8339|3220-8628|jardimbotanico@mail.ufsm.br|http://w3.ufsm.br/ccne/?secao=jardim
171|-51.970583|-29.468889|1|RS|Lajeado|4311403|Jardim Botânico de Lajeado|Av. Carlos Sphor|Moinhos d’Água|s/n|95900-000|RST 413|AV|CARLOS SPHOR| |S/N|RST 413|MOINHOS D’AGUA|95900-000| | |51|3982-1107| |meio.ambiente@msbnet.com.br|www.lajeado-rs.com.br
172|-51.177232|-30.028589|1|RS|Porto Alegre|4314902|Museu Anchieta de Ciências Naturais|Av. Nilo Peçanha|Três Figueiras|1.521|90001-970| |AV|NILO PECANHA| |1521| |TRES FIGUEIRAS|90001-970| | |51|3328-7455|3328-1120|museuanchieta@colegioanchieta.g12.br|www.colegioanchieta.g12.br
173|-50.775792|-29.65097|2|RS|Taquara|4321204|Museu Arqueológico do Rio Grande do Sul|RS 020| |Km 58|95600-000| | |RS-020|KM 58| | | |95600-000| | |51|3542-1553|3542-1034|marsul@faccat.br|www.sedac.rs.gov.br
174|-51.186199|-29.913256|2|RS|Canoas|4304606|Museu da Tecnologia|Av. Farroupilha|São José|8.001|92450-900| |AV|FARROUPILHA| |8| |SAO JOSE|92450-900| | |51|3477-4000| |museu@ulbra.br|www.ulbra.br/museudatecnologia
175|-51.176103|-30.057984|1|RS|Porto Alegre|4314902|Museu de Ciências e Tecnologia da PUCRS|Av. Ipiranga|Partenon|6.681|90619-900|prédio 40|AV|IPIRANGA| |6681|PREDIO 40|PARTENON|90619-900| | |51|3320-3521|3320-3903|mct@pucrs.br|www.pucrs.br/mct
176|-51.151369|-29.163624|1|RS|Caxias do Sul|4305108|Museu de Ciências Naturais|Rua Francisco Getúlio Vargas|Petrópolis|1.130|95070-560| |R|FRANCISCO GETULIO VARGAS| |1130| |PETROPOLIS|95070-560| | |54|3218-2142| |grschuur@ucs.br|www.ucs.br
177|-50.100147|-29.922265|1|RS|Imbé|4310330|Museu de Ciências Naturais – Ceclimar|Av. Tramandaí| |976|95625-000| |AV|TRAMANDAI| |976| | |95625-000| | |51|3627-1309|3627-5384|ceclimar@ufrgs.br|www.ufrgs.br/ceclimar/museu.htm
178|-51.178549|-30.048309|1|RS|Porto Alegre|4314902|Museu de Ciências Naturais da Fundação Zoobotânica do RS|Rua Dr. Salvador França|Jardim Botânico|1.427|90690-000| |R|DR SALVADOR FRANCA| |1427| |JARDIM BOTANICO|90690-000| | |51|3320-2033| |mcn@fzb.rs.gov.br|www.fzb.rs.gov.br/museu
179|-51.227788|-30.071037|1|RS|Porto Alegre|4314902|Museu de Geologia|Rua Banco da Província|Santa Teresa|105|90840-030| |R|BANCO DA PROVINCIA| |105| |SANTA TERESA|90840-030| | |51|3406-7300|3406-7312|museugeo@pa.cprm.gov.br| 
180|-51.221569|-30.033963|2|RS|Porto Alegre|4314902|Museu de Mineralogia e Petrologia Luiz Englert|Av. Sarmento Leite|Centro|425|91501-970| |AV|SARMENTO LEITE| |425| |CENTRO|91501-970| | |51|3308-4087| |heinrich.frank@ufrgs.br|www.museumin.ufrgs.br
181|-52.409632|-28.258052|2|RS|Passo Fundo|4314100|Museu Zoobotânico Augusto Ruschi|BR 285|São José|Km 171|99001-970| |ROD|BR-285|KM 171| | |SAO JOSE|99001-970| | |54|3316-8316|3316-8327|muzar@upf.br|www.upf.br/muzar
182|-53.815484|-29.687304|2|RS|Santa Maria|4316907|Núcleo Antártico|Faixa de Camobi|Camobi|Km 9|97105-900|Campus Universitário prédio 19| |FAIXA DE CAMOBI| | |CAMPUS UNIVERSITARIO PREDIO 19|CAMOBI|97105-900| | |55|3220-8686|3220-8014|núcleo@antartico.ufsm.br|www.ufsm.br/antartica
183|-51.208467|-30.044583|2|RS|Porto Alegre|4314902|Planetário Prof. José Baptista Pereira|Av. Ipiranga|Santana|2.000|91160-091| |AV|IPIRANGA| |2000| |SANTANA|91160-091| | |51|3308-5384|3308-5387|planetario@ufrgs.br|www.planetario.ufrgs.br
184|-48.921672|-27.097241|1|SC|Brusque|4202909|Fundação Ecológica e Zoobotânica de Brusque|Rua Manoel Tavares|Centro|s/n|88350-460| |R|MANOEL TAVARES| |S/N| |CENTRO|88350-460| | |47|3351-1481|3355-5640|f_ulber@yahoo.com.br|www.zoobrusque.com.br
185|-49.809113|-26.116425|2|SC|Mafra|4210100|Museu da Tera e da Vida|Av. Pres. Nereu Ramos|Jardim do Moinho|1.071|89300-000|Centro Paleontológico de Mafra Universidade do Contestado|AV|PRES NEREU RAMOS| |1071|CENTRO PALEONTOLOGICO DE MAFRA UNIVERSIDADE DO CONTESTADO|JARDIM DO MOINHO|89300-000| | |47|3641-5514|3641-5500|cenpaleo@mfa.unc.br| 
186|-48.553501|-27.588955|1|SC|Florianópolis|4205407|Museu do Homem do Sambaqui “Padre João Alfredo Rhor”|Rua Esteves Júnior|Centro|711|88015-906| |R|ESTEVES JUNIOR| |711| |CENTRO|88015-906| | |48|3251-1516|3251-1530|museu@colegiocatarinense.g12.br|www.pmf.sc.gov.br
187|-48.676325|-26.758487|1|SC|Balneário Piçarras|4212809|Museu Oceanográfico Univali|Av. Sambaqui|Santo Antônio|318|88380-000| |AV|SAMBAQUI| |318| |SANTO ANTONIO|88380-000| | |47|3261-1287| |soto@univali.br|www.univali.br/museuoceanografico
188|-48.519751|-27.599586|1|SC|Florianópolis|4205407|Parque Viva a Ciência|Universidade Federal de Santa Catarina|Campus Universitário Trindade|s/n|88040-900|Pró-Reitoria de Pesquisa e Extensão| |UNIVERSIDADE FEDERAL DE SANTA CATARINA| |S/N|PRO-REITORIA DE PESQUISA E EXTENSAO|CAMPUS UNIVERSITARIO TRINDADE|88040-900| | |48|3721-6806|3721-9946| | 
189|-48.524171|-27.585817|1|SC|Florianópolis|4205407|Planetário da Universidade Federal de Santa Catarina|Departamento de Geociências|Campus Universitário Trindade|s/n|88040-970| | |DEPARTAMENTO DE GEOCIENCIAS| |S/N| |CAMPUS UNIVERSITARIO TRINDADE|88040-970| | |48|3721-9241| |planetar@cfh.ufsc.br|www.cfh.ufsc.br/~planetar
190|-48.546592|-27.602039|1|SC|Florianópolis|4205407|Sala de Ciência|Travessa Syriaco Atherino|Centro|100|88020-180| |TV|SYRIACO ATHERINO| |100| |CENTRO|88020-180| | |48|3222-0788|3222-0370|reginaduarte@sesc-sc.com.br|www.sesc-sc.com.br
191|-49.178943|-26.738849|2|SC|Pomerode|4213203|Zoológico Pomerode|Rua Hermann Weege|Centro|180|89107-000| |R|HERMANN WEEGE| |180| |CENTRO|89107-000| | |47|3387-2659|3387-4260|administracao@pomerzoo.org.br|www.pomerzoo.org.br
